type,item_id,subitem_id
item,1313672728,
subitem,1313672728,1313673472
subitem,1313672728,1313678306
item,1313672604,
item,1313601179,
item,1308624505,
subitem,1308624505,1308624784
subitem,1308624505,1308625107
subitem,1308624505,1308885258
subitem,1308624505,1312270015
subitem,1308624505,1313325677
subitem,1308624505,1313329343
subitem,1308624505,1313344537
item,1311090872,
subitem,1311090872,1311090880
subitem,1311090872,1311090893
item,1311105931,
subitem,1311105931,1311105947
subitem,1311105931,1311105976
item,1311106059,
subitem,1311106059,1311106071
item,1311107998,
subitem,1311107998,1311108010
item,1311108027,
subitem,1311108027,1311108050
item,1311108064,
subitem,1311108064,1311108080
subitem,1311108064,1311108109
item,1311108134,
subitem,1311108134,1311108150
subitem,1311108134,1311108173
subitem,1311108134,1311108186
subitem,1311108134,1311108216
item,1311108350,
subitem,1311108350,1311108355
subitem,1311108350,1311108422
item,1311108507,
subitem,1311108507,1311108521
item,1311108564,
subitem,1311108564,1311108595
subitem,1311108564,1311108617
item,1311108646,
subitem,1311108646,1311108660
subitem,1311108646,1311108679
subitem,1311108646,1311108704
subitem,1311108646,1311108721
item,1311108735,
subitem,1311108735,1311108744
subitem,1311108735,1311108763
item,1311108779,
subitem,1311108779,1311108791
subitem,1311108779,1311108816
subitem,1311108779,1311108870
item,1311108892,
subitem,1311108892,1311109149
subitem,1311108892,1311109161
subitem,1311108892,1311109182
item,1311109196,
subitem,1311109196,1311109204
subitem,1311109196,1311109224
item,1311109255,
subitem,1311109255,1311109265
subitem,1311109255,1311109281
item,1311109300,
subitem,1311109300,1311109314
subitem,1311109300,1311109335
subitem,1311109300,1311109355
item,1311117323,
subitem,1311117323,1311117375
subitem,1311117323,1311117500
item,1311117703,
subitem,1311117703,1311117797
item,1311117873,
subitem,1311117873,1311117937
item,1311118055,
subitem,1311118055,1311118133
item,1311118307,
subitem,1311118307,1311118372
subitem,1311118307,1311118509
item,1311118828,
subitem,1311118828,1311118885
subitem,1311118828,1311118980
subitem,1311118828,1311119117
subitem,1311118828,1311119293
item,1311119440,
subitem,1311119440,1311119548
subitem,1311119440,1311119701
item,1311119777,
subitem,1311119777,1311119822
item,1311119923,
subitem,1311119923,1311119959
subitem,1311119923,1311119985
item,1311120010,
subitem,1311120010,1311120025
subitem,1311120010,1311120048
subitem,1311120010,1311120077
subitem,1311120010,1311120103
item,1311120399,
subitem,1311120399,1311120416
subitem,1311120399,1311120442
item,1311120456,
subitem,1311120456,1311120470
subitem,1311120456,1311120487
subitem,1311120456,1311120537
item,1311120576,
subitem,1311120576,1311120593
subitem,1311120576,1311120606
subitem,1311120576,1311120636
item,1311120651,
subitem,1311120651,1311120668
subitem,1311120651,1311120704
item,1311120729,
subitem,1311120729,1311120748
subitem,1311120729,1311120768
item,1311120788,
subitem,1311120788,1311120801
subitem,1311120788,1311120826
subitem,1311120788,1311120858
item,1311120874,
subitem,1311120874,1311120885
subitem,1311120874,1311120905
subitem,1311120874,1311120944
subitem,1311120874,1311120975
item,1311121009,
subitem,1311121009,1311121031
subitem,1311121009,1311121068
item,1311121105,
subitem,1311121105,1311121122
item,1311121144,
subitem,1311121144,1311121175
subitem,1311121144,1311121643
subitem,1311121144,1311121761
item,1311121826,
subitem,1311121826,1311121834
item,1311121847,
subitem,1311121847,1311121859
subitem,1311121847,1311121891
subitem,1311121847,1311121907
subitem,1311121847,1311121930
item,1311121950,
subitem,1311121950,1311121957
item,1311121969,
subitem,1311121969,1311121980
item,1311122004,
subitem,1311122004,1311122015
subitem,1311122004,1311122044
item,1311122083,
subitem,1311122083,1311122095
item,1311122116,
subitem,1311122116,1311122130
subitem,1311122116,1311122176
item,1311122217,
item,1311122230,
subitem,1311122230,1311122251
subitem,1311122230,1311122278
subitem,1311122230,1311122318
item,1311122422,
subitem,1311122422,1311122459
subitem,1311122422,1311122507
subitem,1311122422,1311122524
subitem,1311122422,1311122538
subitem,1311122422,1311122551
subitem,1311122422,1311122567
item,1311123049,
subitem,1311123049,1311123075
subitem,1311123049,1311123104
subitem,1311123049,1311123138
subitem,1311123049,1311123170
item,1311123209,
subitem,1311123209,1311123225
item,1311123267,
subitem,1311123267,1311123286
subitem,1311123267,1311123315
item,1311138810,
subitem,1311138810,1311138827
subitem,1311138810,1311138855
item,1311138913,
subitem,1311138913,1311138924
item,1311138953,
subitem,1311138953,1311138976
item,1311139026,
subitem,1311139026,1311139090
item,1311139161,
subitem,1311139161,1311139204
subitem,1311139161,1311139247
item,1311139289,
subitem,1311139289,1311139313
subitem,1311139289,1311139360
subitem,1311139289,1311139399
subitem,1311139289,1311139444
item,1311139489,
subitem,1311139489,1311139524
subitem,1311139489,1311139574
item,1311139616,
subitem,1311139616,1311139650
item,1311139732,
subitem,1311139732,1311139765
subitem,1311139732,1311139807
item,1311139865,
subitem,1311139865,1311139896
subitem,1311139865,1311139931
subitem,1311139865,1311139968
subitem,1311139865,1311139991
item,1311140448,
subitem,1311140448,1311140464
subitem,1311140448,1311140491
item,1311140512,
subitem,1311140512,1311140532
subitem,1311140512,1311140555
subitem,1311140512,1311140586
item,1311140628,
subitem,1311140628,1311140647
subitem,1311140628,1311140671
subitem,1311140628,1311140696
item,1311140748,
subitem,1311140748,1311140754
subitem,1311140748,1311140782
item,1311140808,
subitem,1311140808,1311140819
subitem,1311140808,1311140854
item,1311140916,
subitem,1311140916,1311140955
subitem,1311140916,1311140991
subitem,1311140916,1311141051
item,1311141205,
subitem,1311141205,1311141302
subitem,1311141205,1311141447
subitem,1311141205,1311141497
subitem,1311141205,1311141544
item,1311141658,
subitem,1311141658,1311141697
subitem,1311141658,1311141748
item,1311141786,
subitem,1311141786,1311141797
item,1311141828,
subitem,1311141828,1311141846
subitem,1311141828,1311142150
subitem,1311141828,1311142250
item,1311142332,
subitem,1311142332,1311142382
item,1311142432,
subitem,1311142432,1311142444
subitem,1311142432,1311142480
subitem,1311142432,1311142500
subitem,1311142432,1311142525
item,1311142537,
subitem,1311142537,1311142554
item,1311142584,
subitem,1311142584,1311142595
item,1311142623,
subitem,1311142623,1311142636
subitem,1311142623,1311142650
item,1311142678,
subitem,1311142678,1311142690
item,1311142708,
subitem,1311142708,1311142718
subitem,1311142708,1311142738
item,1311142795,
item,1311142848,
subitem,1311142848,1311142898
subitem,1311142848,1311142937
subitem,1311142848,1311142973
item,1311143009,
subitem,1311143009,1311143030
subitem,1311143009,1311143091
subitem,1311143009,1311143128
subitem,1311143009,1311143142
subitem,1311143009,1311143158
subitem,1311143009,1311143183
item,1311143451,
subitem,1311143451,1311143477
subitem,1311143451,1311143520
subitem,1311143451,1311143544
subitem,1311143451,1311143562
item,1311143594,
subitem,1311143594,1311143615
item,1311143680,
subitem,1311143680,1311143715
subitem,1311143680,1311143742
item,1311199518,
subitem,1311199518,1311199702
subitem,1311199518,1311199915
item,1311200695,
subitem,1311200695,1311200840
item,1311201154,
subitem,1311201154,1311201282
item,1311201566,
subitem,1311201566,1311201692
item,1311202000,
subitem,1311202000,1311202179
subitem,1311202000,1311202487
item,1311202688,
subitem,1311202688,1311202800
subitem,1311202688,1311202938
subitem,1311202688,1311203109
subitem,1311202688,1311203204
item,1311203284,
subitem,1311203284,1311203316
subitem,1311203284,1311203358
item,1311203410,
subitem,1311203410,1311203437
item,1311203488,
subitem,1311203488,1311203499
subitem,1311203488,1311203518
item,1311203529,
subitem,1311203529,1311203537
subitem,1311203529,1311203552
subitem,1311203529,1311203578
subitem,1311203529,1311203596
item,1311203613,
subitem,1311203613,1311203621
subitem,1311203613,1311203648
item,1311203667,
subitem,1311203667,1311203678
subitem,1311203667,1311203705
subitem,1311203667,1311203721
item,1311203772,
subitem,1311203772,1311203782
subitem,1311203772,1311203799
subitem,1311203772,1311203834
item,1311203875,
subitem,1311203875,1311203899
subitem,1311203875,1311204124
item,1311204138,
subitem,1311204138,1311204147
subitem,1311204138,1311204174
item,1311204194,
subitem,1311204194,1311204203
subitem,1311204194,1311204223
subitem,1311204194,1311204275
item,1311204384,
subitem,1311204384,1311204429
subitem,1311204384,1311204483
subitem,1311204384,1311204511
subitem,1311204384,1311204533
item,1311204549,
subitem,1311204549,1311204557
subitem,1311204549,1311204569
item,1311204616,
subitem,1311204616,1311204622
item,1311204639,
subitem,1311204639,1311204650
subitem,1311204639,1311204673
subitem,1311204639,1311204690
item,1311204721,
subitem,1311204721,1311204740
item,1311204773,
subitem,1311204773,1311204784
subitem,1311204773,1311204797
subitem,1311204773,1311204834
subitem,1311204773,1311204919
item,1311204997,
subitem,1311204997,1311205021
item,1311205044,
subitem,1311205044,1311205056
item,1311205270,
subitem,1311205270,1311205289
subitem,1311205270,1311205305
item,1311205320,
subitem,1311205320,1311205329
item,1311205345,
subitem,1311205345,1311205361
subitem,1311205345,1311205377
item,1311205389,
subitem,1311205389,1311205398
subitem,1311205389,1311205413
subitem,1311205389,1311205429
item,1311205456,
subitem,1311205456,1311205465
subitem,1311205456,1311205496
subitem,1311205456,1311205532
subitem,1311205456,1311205561
subitem,1311205456,1311205593
subitem,1311205456,1311205633
item,1311205652,
subitem,1311205652,1311205743
subitem,1311205652,1311205985
subitem,1311205652,1311206196
subitem,1311205652,1311206265
item,1311206312,
subitem,1311206312,1311206323
item,1311206348,
subitem,1311206348,1311206362
subitem,1311206348,1311206378
item,1311269414,
subitem,1311269414,1311269428
subitem,1311269414,1311269443
item,1311269495,
subitem,1311269495,1311269508
item,1311376757,
subitem,1311376757,1311376765
item,1311379651,
subitem,1311379651,1311379654
subitem,1311379651,1311379657
item,1311379662,
subitem,1311379662,1311379672
item,1311379678,
subitem,1311379678,1311379683
item,1311379687,
subitem,1311379687,1311379692
item,1311379696,
subitem,1311379696,1311379698
subitem,1311379696,1311379701
item,1311379708,
subitem,1311379708,1311379711
subitem,1311379708,1311379722
subitem,1311379708,1311379735
subitem,1311379708,1311379743
item,1311379750,
subitem,1311379750,1311379755
subitem,1311379750,1311379763
item,1311379768,
subitem,1311379768,1311379776
item,1311379791,
item,1311379800,
subitem,1311379800,1311379814
subitem,1311379800,1311379824
item,1311379835,
subitem,1311379835,1311379843
subitem,1311379835,1311379848
subitem,1311379835,1311379857
subitem,1311379835,1311379865
item,1311379888,
subitem,1311379888,1311379919
subitem,1311379888,1311380273
item,1311380282,
subitem,1311380282,1311380289
subitem,1311380282,1311380338
subitem,1311380282,1311380412
item,1311380476,
subitem,1311380476,1311380500
subitem,1311380476,1311380506
subitem,1311380476,1311380514
item,1311380529,
subitem,1311380529,1311380536
subitem,1311380529,1311380549
item,1311380578,
subitem,1311380578,1311380585
subitem,1311380578,1311380595
item,1311380602,
subitem,1311380602,1311380607
subitem,1311380602,1311380622
subitem,1311380602,1311380634
item,1311380645,
subitem,1311380645,1311380681
subitem,1311380645,1311380875
subitem,1311380645,1311381138
subitem,1311380645,1311381354
item,1311381610,
subitem,1311381610,1311381698
subitem,1311381610,1311381892
item,1311382142,
subitem,1311382142,1311382274
item,1311382587,
subitem,1311382587,1311382885
subitem,1311382587,1311383220
subitem,1311382587,1311383670
item,1311385303,
subitem,1311385303,1311385318
item,1311385359,
subitem,1311385359,1311385395
subitem,1311385359,1311385432
subitem,1311385359,1311385457
subitem,1311385359,1311385471
item,1311385480,
subitem,1311385480,1311385489
item,1311385513,
subitem,1311385513,1311385522
item,1311385528,
subitem,1311385528,1311385533
subitem,1311385528,1311385553
item,1311385565,
subitem,1311385565,1311385572
item,1311385578,
subitem,1311385578,1311385582
subitem,1311385578,1311385590
item,1311385599,
subitem,1311385599,1311385605
subitem,1311385599,1311385613
subitem,1311385599,1311385626
item,1311385638,
subitem,1311385638,1311385642
subitem,1311385638,1311385646
subitem,1311385638,1311385657
subitem,1311385638,1311385663
subitem,1311385638,1311385671
subitem,1311385638,1311385678
item,1311385686,
subitem,1311385686,1311385693
subitem,1311385686,1311385700
subitem,1311385686,1311385917
subitem,1311385686,1311385960
item,1311386008,
subitem,1311386008,1311386037
item,1311386091,
subitem,1311386091,1311386107
subitem,1311386091,1311386132
item,1311473909,
item,1311473910,
subitem,1311473910,1311473912
subitem,1311473910,1311473914
item,1311473937,
subitem,1311473937,1311473943
subitem,1311473937,1311473958
item,1311473979,
item,1311473981,
item,1311473986,
item,1311473991,
item,1311473997,
item,1311473998,
item,1311474000,
item,1311474017,
item,1311474033,
subitem,1311474033,1311474054
subitem,1311474033,1311474092
item,1311474108,
item,1311474116,
item,1311474126,
item,1311474128,
item,1311474183,
item,1311474185,
item,1311474189,
item,1311474191,
item,1311474193,
item,1311474194,
item,1311474199,
subitem,1311474199,1311474200
subitem,1311474199,1311474202
item,1311474205,
item,1311474207,
item,1311474209,
item,1311474211,
item,1311474213,
item,1311474216,
item,1311474220,
item,1311474221,
item,1311474226,
subitem,1311474226,1311474244
subitem,1311474226,1311474258
item,1311474260,
subitem,1311474260,1311474263
subitem,1311474260,1311474277
item,1311474284,
item,1311474290,
subitem,1311474290,1311474294
subitem,1311474290,1311474304
item,1311474313,
item,1311474318,
subitem,1311474318,1311474328
subitem,1311474318,1311474340
item,1311474477,
item,1311474479,
item,1311474481,
subitem,1311474481,1311474485
subitem,1311474481,1311474486
item,1311474487,
item,1311474489,
subitem,1311474489,1311474491
subitem,1311474489,1311474495
item,1311474501,
item,1311474505,
item,1311474507,
item,1311474508,
subitem,1311474508,1311474509
subitem,1311474508,1311474510
item,1311474518,
item,1311474520,
item,1311474522,
item,1311474524,
item,1311474526,
item,1311474528,
subitem,1311474528,1311474529
subitem,1311474528,1311474539
item,1311474548,
subitem,1311474548,1311474552
subitem,1311474548,1311474556
item,1311474561,
item,1311474563,
subitem,1311474563,1311474565
subitem,1311474563,1311474571
item,1311474586,
subitem,1311474586,1311474593
subitem,1311474586,1311474605
item,1311475003,
item,1311475005,
item,1311475010,
item,1311475012,
item,1311475013,
item,1311475016,
subitem,1311475016,1311475020
subitem,1311475016,1311475024
item,1311475027,
item,1311475030,
subitem,1311475030,1311475032
subitem,1311475030,1311475037
item,1311475042,
item,1311475044,
item,1311475045,
item,1311475047,
item,1311475049,
subitem,1311475049,1311475053
subitem,1311475049,1311475072
item,1311475085,
item,1311475090,
subitem,1311475090,1311475093
subitem,1311475090,1311475096
item,1311475100,
item,1311475103,
subitem,1311475103,1311475105
subitem,1311475103,1311475108
item,1311475112,
subitem,1311475112,1311475115
subitem,1311475112,1311475119
item,1311475133,
item,1311475135,
item,1311475141,
item,1311475271,
item,1311475274,
item,1311475277,
item,1311475280,
item,1311475282,
item,1311475284,
item,1311475286,
item,1311475287,
item,1311475290,
item,1311475291,
item,1311475293,
item,1311475296,
item,1311475299,
item,1311475300,
item,1311475302,
item,1311475304,
item,1311475307,
item,1311475308,
item,1311475315,
item,1311475318,
item,1311475323,
item,1311475328,
item,1311475344,
item,1311475352,
subitem,1311475352,1311475363
subitem,1311475352,1311475374
item,1311475384,
item,1311475395,
subitem,1311475395,1311475400
subitem,1311475395,1311475403
item,1311475409,
item,1311475418,
item,1311475421,
subitem,1311475421,1311475768
subitem,1311475421,1311475770
item,1311475771,
item,1311475774,
item,1311475776,
item,1311475779,
item,1311475780,
item,1311475782,
item,1311475784,
subitem,1311475784,1311475786
subitem,1311475784,1311475789
item,1311475792,
item,1311475793,
subitem,1311475793,1311475795
subitem,1311475793,1311475800
item,1311475801,
subitem,1311475801,1311475803
subitem,1311475801,1311475807
subitem,1311475801,1311475810
subitem,1311475801,1311475814
item,1311475816,
item,1311475817,
item,1311475819,
subitem,1311475819,1311475820
subitem,1311475819,1311475823
item,1311475826,
item,1311475827,
item,1311475829,
item,1311475831,
item,1311475834,
subitem,1311475834,1311475835
subitem,1311475834,1311475843
item,1311475858,
item,1311475961,
item,1311475975,
item,1311475984,
subitem,1311475984,1311476000
subitem,1311475984,1311476020
item,1311476040,
item,1311476042,
item,1311476052,
item,1311476064,
item,1311476075,
item,1311476077,
subitem,1311476077,1311476082
subitem,1311476077,1311476088
item,1311476093,
subitem,1311476093,1311476094
subitem,1311476093,1311476097
item,1311476107,
item,1311476112,
item,1311476118,
subitem,1311476118,1311476121
subitem,1311476118,1311476125
item,1311476131,
item,1311476137,
subitem,1311476137,1311476139
subitem,1311476137,1311476147
item,1311476152,
item,1311476154,
item,1311476159,
subitem,1311476159,1311476164
subitem,1311476159,1311476168
item,1311476169,
item,1311476170,
item,1311476172,
item,1311476239,
subitem,1311476239,1311476245
subitem,1311476239,1311476247
item,1311476249,
item,1311476251,
item,1311476252,
item,1311476255,
subitem,1311476255,1311476257
subitem,1311476255,1311476261
item,1311476269,
subitem,1311476269,1311476275
subitem,1311476269,1311476278
item,1311476284,
subitem,1311476284,1311476287
subitem,1311476284,1311476292
item,1311476295,
subitem,1311476295,1311476297
subitem,1311476295,1311476301
item,1311476306,
item,1311476309,
item,1311476311,
item,1311476314,
subitem,1311476314,1311476318
subitem,1311476314,1311476323
item,1311476327,
item,1311476329,
item,1311476331,
item,1311476332,
subitem,1311476332,1311476336
subitem,1311476332,1311476339
item,1311476343,
item,1311476344,
subitem,1311476344,1311476346
subitem,1311476344,1311476497
item,1311476499,
item,1311476502,
item,1311476506,
item,1311476512,
item,1311476518,
item,1311476520,
item,1311476525,
subitem,1311476525,1311476528
subitem,1311476525,1311476529
item,1311476533,
item,1311476534,
item,1311476535,
item,1311476536,
item,1311476537,
item,1311476540,
item,1311476542,
item,1311476546,
item,1311476547,
item,1311476548,
item,1311476550,
item,1311476551,
item,1311476554,
item,1311476557,
item,1311476561,
subitem,1311476561,1311476562
subitem,1311476561,1311476566
item,1311476575,
item,1311476577,
item,1311476578,
item,1311476581,
item,1311476582,
subitem,1311476582,1311476586
subitem,1311476582,1311476676
item,1311476682,
item,1311476686,
item,1311476689,
item,1311476691,
item,1311476695,
item,1311476696,
subitem,1311476696,1311476698
subitem,1311476696,1311476700
item,1311476703,
item,1311476706,
item,1311476708,
item,1311479606,
subitem,1311479606,1311479609
subitem,1311479606,1311479615
item,1311479620,
subitem,1311479620,1311479624
subitem,1311479620,1311479639
item,1311479702,
subitem,1311479702,1311479741
subitem,1311479702,1311479804
item,1311479873,
subitem,1311479873,1311479922
item,1311479995,
subitem,1311479995,1311480027
item,1311480092,
subitem,1311480092,1311480116
subitem,1311480092,1311480163
item,1311480198,
subitem,1311480198,1311480214
subitem,1311480198,1311480246
item,1311480284,
subitem,1311480284,1311480303
item,1311480326,
subitem,1311480326,1311480336
subitem,1311480326,1311480348
item,1311480361,
subitem,1311480361,1311480365
subitem,1311480361,1311480368
item,1311480369,
subitem,1311480369,1311480372
subitem,1311480369,1311480379
item,1311480387,
subitem,1311480387,1311480389
item,1311480391,
subitem,1311480391,1311480393
subitem,1311480391,1311480395
subitem,1311480391,1311480396
subitem,1311480391,1311480397
item,1311480399,
subitem,1311480399,1311480401
item,1311480403,
subitem,1311480403,1311480405
subitem,1311480403,1311480407
subitem,1311480403,1311480409
item,1311480413,
subitem,1311480413,1311480414
item,1311480420,
item,1311480422,
subitem,1311480422,1311480437
item,1311480451,
subitem,1311480451,1311480455
subitem,1311480451,1311480459
item,1311480470,
subitem,1311480470,1311480603
subitem,1311480470,1311480607
subitem,1311480470,1311480613
item,1311480616,
subitem,1311480616,1311480620
item,1311480629,
subitem,1311480629,1311480632
subitem,1311480629,1311480636
subitem,1311480629,1311480640
subitem,1311480629,1311480647
subitem,1311480629,1311480649
item,1311480655,
subitem,1311480655,1311480658
subitem,1311480655,1311480665
subitem,1311480655,1311480668
item,1311480675,
subitem,1311480675,1311480681
item,1311480683,
item,1311480688,
subitem,1311480688,1311480695
subitem,1311480688,1311480700
item,1311480709,
subitem,1311480709,1311480713
item,1311480717,
subitem,1311480717,1311480721
subitem,1311480717,1311480723
subitem,1311480717,1311480733
item,1311480737,
subitem,1311480737,1311480740
subitem,1311480737,1311480748
item,1311480755,
subitem,1311480755,1311480759
item,1311480767,
subitem,1311480767,1311480865
item,1311480870,
subitem,1311480870,1311480871
item,1311480879,
subitem,1311480879,1311480889
subitem,1311480879,1311480894
subitem,1311480879,1311480907
item,1311480912,
subitem,1311480912,1311480915
subitem,1311480912,1311480918
item,1311480922,
item,1311480928,
subitem,1311480928,1311480940
subitem,1311480928,1311480944
subitem,1311480928,1311480950
item,1311480951,
subitem,1311480951,1311480956
subitem,1311480951,1311480962
item,1311480965,
subitem,1311480965,1311480969
subitem,1311480965,1311480973
subitem,1311480965,1311480975
item,1311480978,
subitem,1311480978,1311480982
item,1311480986,
subitem,1311480986,1311480994
item,1311481029,
subitem,1311481029,1311481045
subitem,1311481029,1311481064
subitem,1311481029,1311481070
item,1311481075,
subitem,1311481075,1311481085
subitem,1311481075,1311481105
subitem,1311481075,1311481231
subitem,1311481075,1311481233
item,1311481236,
subitem,1311481236,1311481239
subitem,1311481236,1311481243
subitem,1311481236,1311481251
subitem,1311481236,1311481257
item,1311481259,
subitem,1311481259,1311481262
subitem,1311481259,1311481266
item,1311481274,
subitem,1311481274,1311481280
subitem,1311481274,1311481284
subitem,1311481274,1311481294
item,1311481300,
subitem,1311481300,1311481302
subitem,1311481300,1311481323
item,1311481335,
subitem,1311481335,1311481344
subitem,1311481335,1311481353
subitem,1311481335,1311481362
item,1311481369,
subitem,1311481369,1311481372
subitem,1311481369,1311481376
subitem,1311481369,1311481377
item,1311481380,
subitem,1311481380,1311481382
item,1311481386,
subitem,1311481386,1311481388
subitem,1311481386,1311481390
item,1311481397,
subitem,1311481397,1311481402
item,1311481421,
subitem,1311481421,1311481473
subitem,1311481421,1311481484
subitem,1311481421,1311481488
subitem,1311481421,1311481497
item,1311481501,
subitem,1311481501,1311481518
item,1311481536,
subitem,1311481536,1311481542
item,1311481551,
subitem,1311481551,1311481554
item,1311481563,
subitem,1311481563,1311481567
subitem,1311481563,1311481570
item,1311481572,
subitem,1311481572,1311481574
item,1311481577,
subitem,1311481577,1311481578
item,1311481583,
subitem,1311481583,1311481585
item,1311481591,
subitem,1311481591,1311481597
subitem,1311481591,1311481603
subitem,1311481591,1311481611
item,1311481618,
item,1311481631,
subitem,1311481631,1311481641
subitem,1311481631,1311481649
item,1311481656,
subitem,1311481656,1311481668
subitem,1311481656,1311481672
subitem,1311481656,1311481674
item,1311481677,
subitem,1311481677,1311481679
item,1311481743,
subitem,1311481743,1311481747
subitem,1311481743,1311481757
subitem,1311481743,1311481765
item,1311481771,
subitem,1311481771,1311481774
subitem,1311481771,1311481778
subitem,1311481771,1311481797
item,1311481816,
subitem,1311481816,1311481840
item,1311481892,
subitem,1311481892,1311481902
item,1311481911,
subitem,1311481911,1311481913
item,1311481918,
item,1311481925,
item,1311481933,
subitem,1311481933,1311481938
subitem,1311481933,1311481948
subitem,1311481933,1311481952
item,1311481963,
subitem,1311481963,1311481964
item,1311481975,
subitem,1311481975,1311481977
subitem,1311481975,1311481988
subitem,1311481975,1311481995
item,1311481997,
subitem,1311481997,1311481998
item,1311481999,
subitem,1311481999,1311482000
item,1311482002,
subitem,1311482002,1311482003
item,1311482007,
subitem,1311482007,1311482065
item,1311482068,
subitem,1311482068,1311482075
subitem,1311482068,1311482079
subitem,1311482068,1311482088
item,1311482091,
subitem,1311482091,1311482094
item,1311482112,
subitem,1311482112,1311482131
subitem,1311482112,1311482140
item,1311482146,
subitem,1311482146,1311482153
item,1311482154,
subitem,1311482154,1311482157
subitem,1311482154,1311482161
subitem,1311482154,1311482162
item,1311482173,
subitem,1311482173,1311482175
subitem,1311482173,1311482180
subitem,1311482173,1311482191
item,1311482209,
subitem,1311482209,1311482222
subitem,1311482209,1311482237
item,1311482245,
subitem,1311482245,1311482246
subitem,1311482245,1311482254
subitem,1311482245,1311482261
item,1311482266,
subitem,1311482266,1311482272
item,1311482276,
subitem,1311482276,1311482277
item,1311482280,
subitem,1311482280,1311482282
subitem,1311482280,1311482536
item,1311482541,
subitem,1311482541,1311482545
subitem,1311482541,1311482549
item,1311482552,
subitem,1311482552,1311482559
item,1311482562,
subitem,1311482562,1311482564
item,1311482569,
subitem,1311482569,1311482570
item,1311482575,
subitem,1311482575,1311482578
item,1311482580,
subitem,1311482580,1311482583
item,1311482585,
subitem,1311482585,1311482589
item,1311482592,
item,1311482593,
subitem,1311482593,1311482597
item,1311482598,
item,1311482600,
subitem,1311482600,1311482602
item,1311482604,
subitem,1311482604,1311482607
item,1311482614,
item,1311482617,
subitem,1311482617,1311482618
item,1311482622,
subitem,1311482622,1311482623
item,1311482627,
subitem,1311482627,1311482635
item,1311482640,
subitem,1311482640,1311482646
subitem,1311482640,1311482855
item,1311482861,
subitem,1311482861,1311482862
subitem,1311482861,1311482864
item,1311482869,
subitem,1311482869,1311482871
item,1311482875,
subitem,1311482875,1311482880
item,1311482885,
subitem,1311482885,1311482887
subitem,1311482885,1311482889
item,1311482906,
subitem,1311482906,1311482913
subitem,1311482906,1311482916
subitem,1311482906,1311482921
item,1311482925,
subitem,1311482925,1311482934
item,1311482943,
subitem,1311482943,1311482946
subitem,1311482943,1311482958
item,1311483018,
subitem,1311483018,1311483071
item,1311483098,
subitem,1311483098,1311483115
item,1311483155,
subitem,1311483155,1311483169
subitem,1311483155,1311483193
subitem,1311483155,1311483218
item,1311483226,
item,1311483228,
subitem,1311483228,1311483232
item,1311483244,
subitem,1311483244,1311483248
subitem,1311483244,1311483379
item,1311483384,
subitem,1311483384,1311483390
item,1311483396,
item,1311483399,
item,1311483401,
subitem,1311483401,1311483402
subitem,1311483401,1311483405
subitem,1311483401,1311483408
item,1311483410,
subitem,1311483410,1311483411
subitem,1311483410,1311483414
subitem,1311483410,1311483423
item,1311483429,
subitem,1311483429,1311483434
subitem,1311483429,1311483445
subitem,1311483429,1311483453
item,1311483461,
subitem,1311483461,1311483464
subitem,1311483461,1311483468
subitem,1311483461,1311483474
subitem,1311483461,1311483477
subitem,1311483461,1311483480
item,1311483484,
subitem,1311483484,1311483486
item,1311483488,
subitem,1311483488,1311483490
item,1311483492,
subitem,1311483492,1311483495
subitem,1311483492,1311483498
item,1311483500,
subitem,1311483500,1311483502
item,1311483512,
item,1311483623,
item,1311483626,
item,1311483629,
subitem,1311483629,1311483637
subitem,1311483629,1311483646
item,1311483651,
subitem,1311483651,1311483656
item,1311483672,
subitem,1311483672,1311483677
item,1311483683,
subitem,1311483683,1311483696
subitem,1311483683,1311483733
subitem,1311483683,1311483755
subitem,1311483683,1311483765
item,1311483780,
subitem,1311483780,1311483790
subitem,1311483780,1311483804
subitem,1311483780,1311483819
subitem,1311483780,1311483832
subitem,1311483780,1311483847
item,1311483861,
subitem,1311483861,1311483866
subitem,1311483861,1311483877
item,1311483883,
subitem,1311483883,1311483890
subitem,1311483883,1311483900
item,1311483907,
subitem,1311483907,1311483910
item,1311483916,
subitem,1311483916,1311483919
item,1311483927,
item,1311483931,
subitem,1311483931,1311483934
subitem,1311483931,1311484005
subitem,1311483931,1311484007
item,1311484011,
subitem,1311484011,1311484016
subitem,1311484011,1311484029
subitem,1311484011,1311484033
item,1311484039,
item,1311484040,
subitem,1311484040,1311484043
item,1311484054,
subitem,1311484054,1311484058
subitem,1311484054,1311484068
subitem,1311484054,1311484079
item,1311484080,
subitem,1311484080,1311484085
item,1311484100,
subitem,1311484100,1311484114
subitem,1311484100,1311484129
subitem,1311484100,1311484138
item,1311484150,
subitem,1311484150,1311484160
item,1311484169,
subitem,1311484169,1311484170
subitem,1311484169,1311484176
item,1311484186,
subitem,1311484186,1311484227
subitem,1311484186,1311484436
subitem,1311484186,1311484656
item,1311484851,
subitem,1311484851,1311484973
item,1311485159,
subitem,1311485159,1311485292
subitem,1311485159,1311485503
item,1311489189,
subitem,1311489189,1311489323
subitem,1311489189,1311489561
subitem,1311489189,1311489787
item,1311490013,
subitem,1311490013,1311490161
subitem,1311490013,1311490375
subitem,1311490013,1311490602
subitem,1311490013,1311490825
subitem,1311490013,1311491014
subitem,1311490013,1311491176
item,1311491305,
subitem,1311491305,1311491413
item,1311491533,
subitem,1311491533,1311491568
item,1311491632,
subitem,1311491632,1311491663
item,1311491706,
subitem,1311491706,1311491735
subitem,1311491706,1311491800
subitem,1311491706,1311491863
item,1311491899,
subitem,1311491899,1311491923
subitem,1311491899,1311491954
subitem,1311491899,1311491986
item,1311492015,
subitem,1311492015,1311492032
subitem,1311492015,1311492057
subitem,1311492015,1311492092
subitem,1311492015,1311492122
item,1311492153,
subitem,1311492153,1311492174
subitem,1311492153,1311492200
subitem,1311492153,1311492463
subitem,1311492153,1311492473
item,1311492476,
subitem,1311492476,1311492480
item,1311492488,
subitem,1311492488,1311492492
subitem,1311492488,1311492497
item,1311492501,
subitem,1311492501,1311492505
subitem,1311492501,1311492515
item,1311492520,
subitem,1311492520,1311492522
subitem,1311492520,1311492531
subitem,1311492520,1311492537
subitem,1311492520,1311492542
subitem,1311492520,1311492545
item,1311492548,
item,1311492551,
subitem,1311492551,1311492555
subitem,1311492551,1311492558
subitem,1311492551,1311492563
subitem,1311492551,1311492571
item,1311492574,
subitem,1311492574,1311492579
subitem,1311492574,1311492586
item,1311492588,
subitem,1311492588,1311492590
subitem,1311492588,1311492596
subitem,1311492588,1311492598
subitem,1311492588,1311492599
item,1311492602,
item,1311492604,
subitem,1311492604,1311492611
subitem,1311492604,1311492669
subitem,1311492604,1311492676
subitem,1311492604,1311492679
item,1311492691,
subitem,1311492691,1311492703
item,1311492707,
subitem,1311492707,1311492713
subitem,1311492707,1311492725
item,1311492728,
item,1311492731,
subitem,1311492731,1311492733
subitem,1311492731,1311492739
item,1311492744,
subitem,1311492744,1311492747
subitem,1311492744,1311492752
subitem,1311492744,1311492756
subitem,1311492744,1311492761
subitem,1311492744,1311492763
subitem,1311492744,1311492766
item,1311492772,
subitem,1311492772,1311492775
subitem,1311492772,1311492778
item,1311492792,
subitem,1311492792,1311492797
subitem,1311492792,1311492800
subitem,1311492792,1311492803
subitem,1311492792,1311492811
item,1311492820,
subitem,1311492820,1311492825
item,1311492839,
subitem,1311492839,1311492846
subitem,1311492839,1311492853
item,1311492946,
subitem,1311492946,1311492950
subitem,1311492946,1311492952
item,1311492958,
item,1311492966,
subitem,1311492966,1311492971
subitem,1311492966,1311492975
subitem,1311492966,1311492978
subitem,1311492966,1311492981
item,1311492987,
subitem,1311492987,1311492988
subitem,1311492987,1311492989
subitem,1311492987,1311492996
item,1311493000,
subitem,1311493000,1311493005
subitem,1311493000,1311493009
item,1311493047,
subitem,1311493047,1311493112
subitem,1311493047,1311493239
subitem,1311493047,1311493337
item,1311493372,
subitem,1311493372,1311493379
item,1311493393,
subitem,1311493393,1311493415
subitem,1311493393,1311493456
item,1311493474,
subitem,1311493474,1311493476
subitem,1311493474,1311493486
subitem,1311493474,1311493492
item,1311493496,
item,1311493505,
item,1311493512,
subitem,1311493512,1311493518
subitem,1311493512,1311493643
subitem,1311493512,1311493647
subitem,1311493512,1311493657
item,1311493680,
subitem,1311493680,1311493681
subitem,1311493680,1311493687
subitem,1311493680,1311493700
item,1311493712,
item,1311493716,
subitem,1311493716,1311493720
subitem,1311493716,1311493722
subitem,1311493716,1311493725
subitem,1311493716,1311493728
item,1311493730,
subitem,1311493730,1311493733
subitem,1311493730,1311493736
item,1311493740,
item,1311493742,
subitem,1311493742,1311493744
subitem,1311493742,1311493750
item,1311493757,
subitem,1311493757,1311493762
subitem,1311493757,1311493779
item,1311493798,
subitem,1311493798,1311493816
item,1311493836,
subitem,1311493836,1311493850
subitem,1311493836,1311493867
item,1311493875,
subitem,1311493875,1311493876
item,1311493879,
item,1311493884,
subitem,1311493884,1311493894
subitem,1311493884,1311493999
subitem,1311493884,1311494006
subitem,1311493884,1311494009
item,1311494014,
subitem,1311494014,1311494018
subitem,1311494014,1311494021
subitem,1311494014,1311494030
item,1311494035,
subitem,1311494035,1311494037
item,1311494043,
subitem,1311494043,1311494046
item,1312107693,
subitem,1312107693,1312107711
item,1312110975,
subitem,1312110975,1312111017
subitem,1312110975,1312111034
item,1312111056,
subitem,1312111056,1312111071
subitem,1312111056,1312111090
subitem,1312111056,1312111117
subitem,1312111056,1312111147
item,1312111172,
subitem,1312111172,1312111185
subitem,1312111172,1312111206
subitem,1312111172,1312111235
item,1312111257,
subitem,1312111257,1312111271
subitem,1312111257,1312111284
subitem,1312111257,1312111311
subitem,1312111257,1312111360
item,1312111385,
subitem,1312111385,1312111393
subitem,1312111385,1312111411
subitem,1312111385,1312111434
subitem,1312111385,1312111458
subitem,1312111385,1312111481
item,1312111501,
subitem,1312111501,1312111510
subitem,1312111501,1312111532
subitem,1312111501,1312111546
subitem,1312111501,1312111566
item,1312111587,
subitem,1312111587,1312111608
item,1312111642,
subitem,1312111642,1312111654
subitem,1312111642,1312111715
subitem,1312111642,1312112095
subitem,1312111642,1312112111
item,1312112132,
subitem,1312112132,1312112139
item,1312112168,
subitem,1312112168,1312112193
subitem,1312112168,1312112232
item,1312112257,
subitem,1312112257,1312112270
subitem,1312112257,1312112312
subitem,1312112257,1312112335
subitem,1312112257,1312112355
subitem,1312112257,1312112360
subitem,1312112257,1312112374
item,1312112388,
subitem,1312112388,1312112401
item,1312112415,
subitem,1312112415,1312112423
subitem,1312112415,1312112447
item,1312112483,
subitem,1312112483,1312112501
subitem,1312112483,1312112532
item,1312112556,
subitem,1312112556,1312112566
item,1312112587,
subitem,1312112587,1312112601
subitem,1312112587,1312112614
subitem,1312112587,1312112628
item,1312112651,
subitem,1312112651,1312112665
item,1312112698,
subitem,1312112698,1312112720
subitem,1312112698,1312113297
item,1312113354,
subitem,1312113354,1312113386
subitem,1312113354,1312113427
item,1312113587,
subitem,1312113587,1312113765
subitem,1312113587,1312114035
subitem,1312113587,1312114335
item,1312114628,
subitem,1312114628,1312114807
item,1312115069,
subitem,1312115069,1312115239
subitem,1312115069,1312115520
item,1312115808,
subitem,1312115808,1312115975
subitem,1312115808,1312116233
subitem,1312115808,1312116541
subitem,1312115808,1312116820
subitem,1312115808,1312117077
subitem,1312115808,1312117446
item,1312117720,
subitem,1312117720,1312117875
subitem,1312117720,1312118121
item,1312118589,
subitem,1312118589,1312119995
subitem,1312118589,1312120011
item,1312120030,
subitem,1312120030,1312120042
item,1312120066,
subitem,1312120066,1312120079
subitem,1312120066,1312120105
subitem,1312120066,1312120155
item,1312120186,
subitem,1312120186,1312120200
subitem,1312120186,1312120238
subitem,1312120186,1312120265
item,1312120302,
subitem,1312120302,1312120338
subitem,1312120302,1312120370
subitem,1312120302,1312120393
item,1312120420,
subitem,1312120420,1312120440
subitem,1312120420,1312120458
subitem,1312120420,1312120487
subitem,1312120420,1312120521
item,1312120573,
subitem,1312120573,1312120593
subitem,1312120573,1312120614
subitem,1312120573,1312120628
subitem,1312120573,1312120646
item,1312120697,
subitem,1312120697,1312120725
subitem,1312120697,1312120752
item,1312120784,
subitem,1312120784,1312120798
item,1312120832,
subitem,1312120832,1312120851
subitem,1312120832,1312121154
item,1312121168,
subitem,1312121168,1312121176
subitem,1312121168,1312121207
subitem,1312121168,1312121232
subitem,1312121168,1312121265
subitem,1312121168,1312121293
item,1312121323,
subitem,1312121323,1312121337
subitem,1312121323,1312121361
subitem,1312121323,1312121391
subitem,1312121323,1312121420
subitem,1312121323,1312121436
item,1312121445,
subitem,1312121445,1312121452
subitem,1312121445,1312121482
subitem,1312121445,1312121495
item,1312121504,
subitem,1312121504,1312121510
subitem,1312121504,1312121547
subitem,1312121504,1312121585
subitem,1312121504,1312121604
subitem,1312121504,1312121634
item,1312121662,
subitem,1312121662,1312121672
subitem,1312121662,1312121691
subitem,1312121662,1312121706
subitem,1312121662,1312121717
item,1312121736,
subitem,1312121736,1312121750
subitem,1312121736,1312121818
subitem,1312121736,1312121864
subitem,1312121736,1312121888
subitem,1312121736,1312122110
subitem,1312121736,1312122133
item,1312122169,
subitem,1312122169,1312122184
subitem,1312122169,1312122222
subitem,1312122169,1312122240
item,1312122264,
subitem,1312122264,1312122275
item,1312122287,
subitem,1312122287,1312122294
subitem,1312122287,1312122315
subitem,1312122287,1312122331
subitem,1312122287,1312122364
item,1312122407,
subitem,1312122407,1312122433
subitem,1312122407,1312122473
subitem,1312122407,1312122500
item,1312122533,
subitem,1312122533,1312122546
subitem,1312122533,1312122560
subitem,1312122533,1312122575
subitem,1312122533,1312122596
item,1312122611,
subitem,1312122611,1312122615
subitem,1312122611,1312122636
subitem,1312122611,1312122651
subitem,1312122611,1312122682
subitem,1312122611,1312122700
item,1312122722,
item,1312122731,
subitem,1312122731,1312122735
subitem,1312122731,1312122747
subitem,1312122731,1312122771
subitem,1312122731,1312123047
item,1312123056,
subitem,1312123056,1312123072
subitem,1312123056,1312123095
item,1312123107,
subitem,1312123107,1312123117
subitem,1312123107,1312123143
item,1312123162,
subitem,1312123162,1312123170
subitem,1312123162,1312123183
subitem,1312123162,1312123216
item,1312123247,
subitem,1312123247,1312123259
item,1312123282,
subitem,1312123282,1312123297
item,1312123306,
subitem,1312123306,1312123310
subitem,1312123306,1312123325
subitem,1312123306,1312123339
subitem,1312123306,1312123354
subitem,1312123306,1312123371
item,1312123396,
subitem,1312123396,1312123408
subitem,1312123396,1312124367
subitem,1312123396,1312124387
item,1312124416,
subitem,1312124416,1312124432
subitem,1312124416,1312124449
subitem,1312124416,1312124475
item,1312124504,
subitem,1312124504,1312124511
subitem,1312124504,1312124529
subitem,1312124504,1312124545
subitem,1312124504,1312124573
subitem,1312124504,1312124587
item,1312124602,
subitem,1312124602,1312124611
subitem,1312124602,1312124625
subitem,1312124602,1312124645
item,1312124667,
subitem,1312124667,1312124688
subitem,1312124667,1312124704
subitem,1312124667,1312124733
item,1312124747,
subitem,1312124747,1312124766
subitem,1312124747,1312124787
item,1312124806,
subitem,1312124806,1312126014
subitem,1312124806,1312126038
subitem,1312124806,1312126053
subitem,1312124806,1312126068
subitem,1312124806,1312126092
subitem,1312124806,1312126113
item,1312126147,
subitem,1312126147,1312126197
subitem,1312126147,1312126435
subitem,1312126147,1312126745
item,1312126904,
subitem,1312126904,1312126918
item,1312126939,
subitem,1312126939,1312126951
subitem,1312126939,1312126960
subitem,1312126939,1312126984
subitem,1312126939,1312127018
item,1312127049,
subitem,1312127049,1312127062
subitem,1312127049,1312127083
subitem,1312127049,1312127093
subitem,1312127049,1312127104
item,1312127119,
subitem,1312127119,1312127125
subitem,1312127119,1312127137
subitem,1312127119,1312127156
subitem,1312127119,1312127181
item,1312127203,
subitem,1312127203,1312127659
subitem,1312127203,1312127690
subitem,1312127203,1312127712
subitem,1312127203,1312127736
subitem,1312127203,1312127754
item,1312127774,
subitem,1312127774,1312127791
subitem,1312127774,1312127810
subitem,1312127774,1312127832
subitem,1312127774,1312127850
item,1312127883,
subitem,1312127883,1312127899
subitem,1312127883,1312127937
subitem,1312127883,1312127961
subitem,1312127883,1312128624
subitem,1312127883,1312128644
item,1312128656,
subitem,1312128656,1312128662
subitem,1312128656,1312128680
item,1312128696,
subitem,1312128696,1312128710
subitem,1312128696,1312128726
subitem,1312128696,1312128740
subitem,1312128696,1312128756
item,1312128772,
subitem,1312128772,1312128784
subitem,1312128772,1312128804
item,1312128826,
subitem,1312128826,1312128841
subitem,1312128826,1312128862
item,1312128894,
subitem,1312128894,1312128905
subitem,1312128894,1312128923
subitem,1312128894,1312128950
item,1312128971,
subitem,1312128971,1312128984
item,1312128999,
subitem,1312128999,1312129008
subitem,1312128999,1312129027
subitem,1312128999,1312129048
subitem,1312128999,1312129058
item,1312129106,
subitem,1312129106,1312129143
subitem,1312129106,1312129196
subitem,1312129106,1312129216
subitem,1312129106,1312129231
item,1312130292,
subitem,1312130292,1312130389
subitem,1312130292,1312130465
item,1312130505,
subitem,1312130505,1312130512
subitem,1312130505,1312130528
item,1312130547,
subitem,1312130547,1312130557
subitem,1312130547,1312130573
subitem,1312130547,1312130590
subitem,1312130547,1312130623
item,1312130634,
subitem,1312130634,1312130644
subitem,1312130634,1312130657
item,1312130682,
subitem,1312130682,1312130705
subitem,1312130682,1312130725
item,1312130756,
subitem,1312130756,1312130771
subitem,1312130756,1312130818
subitem,1312130756,1312130841
subitem,1312130756,1312130855
subitem,1312130756,1312130877
item,1312130891,
subitem,1312130891,1312130898
subitem,1312130891,1312130912
subitem,1312130891,1312130932
item,1312130942,
subitem,1312130942,1312130952
subitem,1312130942,1312130967
subitem,1312130942,1312130978
item,1312130991,
subitem,1312130991,1312130998
subitem,1312130991,1312131313
subitem,1312130991,1312131340
item,1312131355,
subitem,1312131355,1312131364
subitem,1312131355,1312131384
subitem,1312131355,1312131421
subitem,1312131355,1312131439
item,1312131451,
subitem,1312131451,1312131462
subitem,1312131451,1312131480
item,1312131491,
subitem,1312131491,1312131501
subitem,1312131491,1312131525
subitem,1312131491,1312131543
item,1312131559,
subitem,1312131559,1312131570
subitem,1312131559,1312131589
subitem,1312131559,1312131601
subitem,1312131559,1312131775
item,1312132048,
subitem,1312132048,1312132176
subitem,1312132048,1312132338
subitem,1312132048,1312132361
subitem,1312132048,1312132383
item,1312132397,
subitem,1312132397,1312132405
subitem,1312132397,1312132423
subitem,1312132397,1312132454
subitem,1312132397,1312132495
item,1312132568,
subitem,1312132568,1312132613
item,1312132674,
subitem,1312132674,1312132687
subitem,1312132674,1312133194
item,1312133215,
subitem,1312133215,1312133242
subitem,1312133215,1312133272
item,1312133304,
subitem,1312133304,1312133316
item,1312133351,
subitem,1312133351,1312133370
subitem,1312133351,1312133381
subitem,1312133351,1312133397
item,1312133414,
subitem,1312133414,1312133427
subitem,1312133414,1312133448
subitem,1312133414,1312133471
item,1312133494,
subitem,1312133494,1312133511
subitem,1312133494,1312133539
item,1312133569,
subitem,1312133569,1312133581
subitem,1312133569,1312133606
subitem,1312133569,1312133629
subitem,1312133569,1312133654
subitem,1312133569,1312133674
item,1312133695,
subitem,1312133695,1312133702
subitem,1312133695,1312133718
subitem,1312133695,1312133728
item,1312133740,
subitem,1312133740,1312133752
subitem,1312133740,1312133787
subitem,1312133740,1312133819
subitem,1312133740,1312133851
item,1312133879,
subitem,1312133879,1312134165
subitem,1312133879,1312134191
subitem,1312133879,1312134217
item,1312134241,
subitem,1312134241,1312134258
subitem,1312134241,1312134283
item,1312134300,
subitem,1312134300,1312134311
subitem,1312134300,1312134325
subitem,1312134300,1312134349
subitem,1312134300,1312134388
item,1312134423,
item,1312134438,
subitem,1312134438,1312134447
subitem,1312134438,1312134475
subitem,1312134438,1312134498
item,1312134509,
subitem,1312134509,1312134514
item,1312134528,
subitem,1312134528,1312134539
subitem,1312134528,1312134562
subitem,1312134528,1312134574
item,1312134594,
subitem,1312134594,1312134608
subitem,1312134594,1312134631
item,1312134647,
subitem,1312134647,1312134657
subitem,1312134647,1312134682
subitem,1312134647,1312134706
subitem,1312134647,1312134731
item,1312134742,
subitem,1312134742,1312134756
subitem,1312134742,1312134768
subitem,1312134742,1312135065
subitem,1312134742,1312135096
subitem,1312134742,1312135125
item,1312135144,
subitem,1312135144,1312135155
item,1312135186,
subitem,1312135186,1312135207
item,1312135256,
subitem,1312135256,1312135273
subitem,1312135256,1312135315
item,1312135337,
subitem,1312135337,1312135341
subitem,1312135337,1312135352
subitem,1312135337,1312135363
subitem,1312135337,1312135382
item,1312135393,
subitem,1312135393,1312135410
subitem,1312135393,1312135421
subitem,1312135393,1312135435
item,1312135445,
subitem,1312135445,1312135455
subitem,1312135445,1312135472
subitem,1312135445,1312135494
item,1312135507,
subitem,1312135507,1312135515
subitem,1312135507,1312135524
subitem,1312135507,1312135541
item,1312135557,
subitem,1312135557,1312135571
subitem,1312135557,1312135597
subitem,1312135557,1312135617
item,1312135633,
subitem,1312135633,1312137565
item,1312137577,
subitem,1312137577,1312137586
subitem,1312137577,1312137598
subitem,1312137577,1312137665
subitem,1312137577,1312137739
subitem,1312137577,1312137760
subitem,1312137577,1312137778
item,1312137803,
subitem,1312137803,1312137824
subitem,1312137803,1312137845
item,1312137879,
subitem,1312137879,1312137895
subitem,1312137879,1312137923
subitem,1312137879,1312137950
subitem,1312137879,1312137980
subitem,1312137879,1312138003
subitem,1312137879,1312138020
item,1312138030,
subitem,1312138030,1312138043
subitem,1312138030,1312138065
subitem,1312138030,1312138083
subitem,1312138030,1312138101
subitem,1312138030,1312138111
item,1312138133,
subitem,1312138133,1312138175
subitem,1312138133,1312138282
subitem,1312138133,1312138383
item,1312138415,
subitem,1312138415,1312138434
subitem,1312138415,1312138451
subitem,1312138415,1312138461
subitem,1312138415,1312138472
item,1312138728,
subitem,1312138728,1312138734
subitem,1312138728,1312138762
subitem,1312138728,1312138779
subitem,1312138728,1312138795
item,1312138819,
subitem,1312138819,1312138838
subitem,1312138819,1312138854
item,1312138882,
subitem,1312138882,1312138892
subitem,1312138882,1312138908
subitem,1312138882,1312138924
subitem,1312138882,1312138939
subitem,1312138882,1312138951
subitem,1312138882,1312138966
item,1312138979,
subitem,1312138979,1312138989
subitem,1312138979,1312138995
subitem,1312138979,1312139010
item,1312139031,
subitem,1312139031,1312139040
subitem,1312139031,1312139051
subitem,1312139031,1312139070
item,1312139091,
subitem,1312139091,1312139101
subitem,1312139091,1312139112
subitem,1312139091,1312139122
subitem,1312139091,1312139134
subitem,1312139091,1312139148
subitem,1312139091,1312139177
item,1312139193,
subitem,1312139193,1312139204
subitem,1312139193,1312139236
subitem,1312139193,1312139515
subitem,1312139193,1312139533
item,1312139554,
subitem,1312139554,1312139568
subitem,1312139554,1312139630
subitem,1312139554,1312139697
subitem,1312139554,1312139740
item,1312139761,
subitem,1312139761,1312139776
subitem,1312139761,1312139793
subitem,1312139761,1312139815
item,1312139829,
subitem,1312139829,1312139837
item,1312139856,
subitem,1312139856,1312139869
subitem,1312139856,1312139899
item,1312139931,
subitem,1312139931,1312139952
item,1312140004,
subitem,1312140004,1312140022
subitem,1312140004,1312140041
item,1312140062,
subitem,1312140062,1312140067
subitem,1312140062,1312140090
subitem,1312140062,1312140109
subitem,1312140062,1312140129
item,1312140166,
subitem,1312140166,1312140196
subitem,1312140166,1312140249
item,1312140286,
subitem,1312140286,1312140463
subitem,1312140286,1312141299
item,1312141626,
subitem,1312141626,1312142222
subitem,1312141626,1312142239
item,1312142259,
subitem,1312142259,1312142277
subitem,1312142259,1312142290
item,1312142306,
subitem,1312142306,1312142312
subitem,1312142306,1312142334
subitem,1312142306,1312142364
subitem,1312142306,1312142378
subitem,1312142306,1312142385
subitem,1312142306,1312142394
item,1312142404,
subitem,1312142404,1312142415
item,1312142424,
subitem,1312142424,1312142434
subitem,1312142424,1312142452
item,1312142475,
subitem,1312142475,1312142483
subitem,1312142475,1312142508
subitem,1312142475,1312142525
subitem,1312142475,1312142532
item,1312142562,
subitem,1312142562,1312142574
subitem,1312142562,1312142588
subitem,1312142562,1312142609
subitem,1312142562,1312142631
item,1312142668,
subitem,1312142668,1312142678
subitem,1312142668,1312142709
item,1312142725,
subitem,1312142725,1312142741
subitem,1312142725,1312142768
subitem,1312142725,1312142970
item,1312142985,
subitem,1312142985,1312142989
subitem,1312142985,1312143009
subitem,1312142985,1312143036
item,1312143062,
subitem,1312143062,1312143074
subitem,1312143062,1312143085
subitem,1312143062,1312143102
item,1312143112,
subitem,1312143112,1312143120
subitem,1312143112,1312143130
subitem,1312143112,1312143145
subitem,1312143112,1312143173
subitem,1312143112,1312143186
item,1312143205,
subitem,1312143205,1312143214
item,1312143247,
subitem,1312143247,1312143287
subitem,1312143247,1312143342
item,1312143394,
subitem,1312143394,1312143411
subitem,1312143394,1312143434
item,1312143453,
subitem,1312143453,1312143462
subitem,1312143453,1312143477
item,1312143495,
subitem,1312143495,1312143499
item,1312143513,
subitem,1312143513,1312143519
subitem,1312143513,1312143534
item,1312143552,
subitem,1312143552,1312143569
subitem,1312143552,1312144003
item,1312144025,
subitem,1312144025,1312144039
subitem,1312144025,1312144074
subitem,1312144025,1312144130
subitem,1312144025,1312144167
item,1312144192,
subitem,1312144192,1312144200
subitem,1312144192,1312144220
subitem,1312144192,1312144228
subitem,1312144192,1312144242
item,1312144255,
subitem,1312144255,1312144269
subitem,1312144255,1312144294
item,1312144330,
subitem,1312144330,1312144351
subitem,1312144330,1312144376
subitem,1312144330,1312144399
item,1312144415,
subitem,1312144415,1312144422
subitem,1312144415,1312144430
item,1312144442,
subitem,1312144442,1312144451
subitem,1312144442,1312144482
subitem,1312144442,1312144502
item,1312144517,
subitem,1312144517,1312144542
subitem,1312144517,1312144980
item,1312145268,
subitem,1312145268,1312145418
subitem,1312145268,1312145750
subitem,1312145268,1312146150
subitem,1312145268,1312146545
item,1312150632,
subitem,1312150632,1312150824
subitem,1312150632,1312151147
subitem,1312150632,1312151463
item,1312151831,
subitem,1312151831,1312151980
item,1312152228,
subitem,1312152228,1312152426
subitem,1312152228,1312152657
subitem,1312152228,1312152885
subitem,1312152228,1312153066
subitem,1312152228,1312153137
item,1312153176,
subitem,1312153176,1312153194
item,1312153219,
subitem,1312153219,1312153230
subitem,1312153219,1312153252
subitem,1312153219,1312153267
subitem,1312153219,1312153284
subitem,1312153219,1312153296
subitem,1312153219,1312153321
item,1312153341,
subitem,1312153341,1312153349
subitem,1312153341,1312153362
subitem,1312153341,1312153380
item,1312153393,
subitem,1312153393,1312153405
subitem,1312153393,1312153423
item,1312153445,
subitem,1312153445,1312153454
subitem,1312153445,1312153471
item,1312153717,
subitem,1312153717,1312153729
subitem,1312153717,1312153746
item,1312153760,
subitem,1312153760,1312153768
subitem,1312153760,1312153786
subitem,1312153760,1312153811
subitem,1312153760,1312153866
subitem,1312153760,1312153897
subitem,1312153760,1312153915
item,1312153933,
subitem,1312153933,1312153945
subitem,1312153933,1312153972
item,1312154004,
subitem,1312154004,1312154016
subitem,1312154004,1312154039
subitem,1312154004,1312154052
item,1312154063,
subitem,1312154063,1312154071
item,1312154087,
subitem,1312154087,1312154092
subitem,1312154087,1312154111
subitem,1312154087,1312154138
subitem,1312154087,1312154167
subitem,1312154087,1312154212
item,1312154251,
subitem,1312154251,1312154271
item,1312154293,
subitem,1312154293,1312154302
subitem,1312154293,1312154329
subitem,1312154293,1312154368
item,1312154399,
subitem,1312154399,1312154414
subitem,1312154399,1312154658
subitem,1312154399,1312154696
item,1312154711,
subitem,1312154711,1312154722
subitem,1312154711,1312154740
item,1312154749,
subitem,1312154749,1312154760
subitem,1312154749,1312154768
subitem,1312154749,1312154780
item,1312154800,
subitem,1312154800,1312154808
item,1312154819,
subitem,1312154819,1312154838
item,1312154867,
subitem,1312154867,1312154893
subitem,1312154867,1312154913
item,1312154940,
subitem,1312154940,1312154968
subitem,1312154940,1312155001
subitem,1312154940,1312155028
subitem,1312154940,1312155055
item,1312155086,
subitem,1312155086,1312155107
subitem,1312155086,1312155154
item,1312155175,
subitem,1312155175,1312155184
subitem,1312155175,1312155205
item,1312155224,
subitem,1312155224,1312155236
subitem,1312155224,1312155261
subitem,1312155224,1312155272
subitem,1312155224,1312155292
item,1312155324,
subitem,1312155324,1312156262
subitem,1312155324,1312156357
item,1312156451,
subitem,1312156451,1312156494
subitem,1312156451,1312156582
subitem,1312156451,1312156646
item,1312156705,
subitem,1312156705,1312156729
subitem,1312156705,1312156772
item,1312156851,
subitem,1312156851,1312156875
subitem,1312156851,1312156918
subitem,1312156851,1312156993
subitem,1312156851,1312157038
subitem,1312156851,1312157073
item,1312157123,
subitem,1312157123,1312157173
subitem,1312157123,1312157237
subitem,1312157123,1312157288
item,1312157330,
subitem,1312157330,1312157350
subitem,1312157330,1312157396
subitem,1312157330,1312157431
item,1312157473,
item,1312157491,
subitem,1312157491,1312157513
item,1312157537,
subitem,1312157537,1312157550
item,1312157576,
subitem,1312157576,1312157593
subitem,1312157576,1312157624
subitem,1312157576,1312157654
subitem,1312157576,1312157692
item,1312158062,
subitem,1312158062,1312158075
item,1312158092,
subitem,1312158092,1312158103
subitem,1312158092,1312158122
subitem,1312158092,1312158147
subitem,1312158092,1312158170
item,1312158202,
subitem,1312158202,1312158220
subitem,1312158202,1312158249
subitem,1312158202,1312158286
item,1312158509,
subitem,1312158509,1312158671
subitem,1312158509,1312159037
item,1312159315,
subitem,1312159315,1312159509
subitem,1312159315,1312160088
subitem,1312159315,1312160438
subitem,1312159315,1312160766
subitem,1312159315,1312161025
item,1312161272,
subitem,1312161272,1312161420
subitem,1312161272,1312161670
subitem,1312161272,1312161972
subitem,1312161272,1312162302
subitem,1312161272,1312162686
subitem,1312161272,1312163014
item,1312163319,
subitem,1312163319,1312163496
subitem,1312163319,1312163759
subitem,1312163319,1312164116
item,1312164346,
subitem,1312164346,1312164428
item,1312164865,
subitem,1312164865,1312164874
subitem,1312164865,1312164893
item,1312164919,
subitem,1312164919,1312164948
subitem,1312164919,1312164961
subitem,1312164919,1312164980
subitem,1312164919,1312164995
subitem,1312164919,1312165020
item,1312165049,
subitem,1312165049,1312165081
subitem,1312165049,1312165095
subitem,1312165049,1312165115
item,1312165142,
subitem,1312165142,1312165157
subitem,1312165142,1312165185
subitem,1312165142,1312165216
subitem,1312165142,1312165240
subitem,1312165142,1312165262
item,1312165282,
subitem,1312165282,1312165288
item,1312165309,
subitem,1312165309,1312165322
item,1312165360,
subitem,1312165360,1312165371
subitem,1312165360,1312165404
subitem,1312165360,1312165428
subitem,1312165360,1312165452
subitem,1312165360,1312165480
subitem,1312165360,1312165514
item,1312165532,
subitem,1312165532,1312165551
subitem,1312165532,1312165591
subitem,1312165532,1312166098
item,1312166119,
subitem,1312166119,1312166131
subitem,1312166119,1312166202
item,1312166265,
subitem,1312166265,1312166304
subitem,1312166265,1312166400
subitem,1312166265,1312166436
item,1312166445,
subitem,1312166445,1312166457
subitem,1312166445,1312166477
subitem,1312166445,1312166533
subitem,1312166445,1312166576
subitem,1312166445,1312166605
item,1312166648,
subitem,1312166648,1312166660
subitem,1312166648,1312166687
subitem,1312166648,1312166702
subitem,1312166648,1312166740
subitem,1312166648,1312166771
subitem,1312166648,1312166799
item,1312166821,
subitem,1312166821,1312166834
subitem,1312166821,1312166848
item,1312166861,
subitem,1312166861,1312166871
subitem,1312166861,1312166908
item,1312166943,
subitem,1312166943,1312166955
subitem,1312166943,1312166974
subitem,1312166943,1312166992
subitem,1312166943,1312167042
item,1312167362,
subitem,1312167362,1312167379
subitem,1312167362,1312167396
subitem,1312167362,1312167426
item,1312167441,
subitem,1312167441,1312167448
subitem,1312167441,1312167467
item,1312167478,
subitem,1312167478,1312167488
subitem,1312167478,1312167503
item,1312167529,
subitem,1312167529,1312167542
subitem,1312167529,1312167563
subitem,1312167529,1312167585
subitem,1312167529,1312167603
item,1312167628,
subitem,1312167628,1312167639
subitem,1312167628,1312167663
subitem,1312167628,1312167690
subitem,1312167628,1312167705
subitem,1312167628,1312167733
item,1312167745,
subitem,1312167745,1312167760
item,1312167787,
subitem,1312167787,1312167798
subitem,1312167787,1312167822
subitem,1312167787,1312167833
subitem,1312167787,1312167848
item,1312167864,
subitem,1312167864,1312167871
subitem,1312167864,1312167889
subitem,1312167864,1312167942
item,1312167976,
subitem,1312167976,1312168371
item,1312168386,
subitem,1312168386,1312168392
subitem,1312168386,1312168404
item,1312168420,
subitem,1312168420,1312168435
subitem,1312168420,1312168458
subitem,1312168420,1312168484
subitem,1312168420,1312168505
subitem,1312168420,1312168522
item,1312168543,
subitem,1312168543,1312168560
subitem,1312168543,1312168572
subitem,1312168543,1312168612
subitem,1312168543,1312168627
subitem,1312168543,1312168650
subitem,1312168543,1312168662
item,1312168671,
subitem,1312168671,1312168678
subitem,1312168671,1312168697
subitem,1312168671,1312168708
subitem,1312168671,1312168724
subitem,1312168671,1312168770
subitem,1312168671,1312168843
item,1312168883,
subitem,1312168883,1312168898
item,1312168914,
subitem,1312168914,1312168936
item,1312168949,
subitem,1312168949,1312168967
subitem,1312168949,1312168986
item,1312168995,
subitem,1312168995,1312169005
item,1312169364,
subitem,1312169364,1312169637
subitem,1312169364,1312170113
subitem,1312169364,1312170414
item,1312170756,
subitem,1312170756,1312170831
subitem,1312170756,1312170876
subitem,1312170756,1312170894
item,1312170919,
subitem,1312170919,1312170932
subitem,1312170919,1312170956
subitem,1312170919,1312170978
subitem,1312170919,1312170994
subitem,1312170919,1312171009
subitem,1312170919,1312171034
item,1312171048,
subitem,1312171048,1312171054
subitem,1312171048,1312171074
subitem,1312171048,1312171101
subitem,1312171048,1312171127
subitem,1312171048,1312171149
item,1312171167,
subitem,1312171167,1312171175
subitem,1312171167,1312171199
subitem,1312171167,1312171232
item,1312171268,
subitem,1312171268,1312171282
subitem,1312171268,1312171295
subitem,1312171268,1312171317
item,1312171353,
subitem,1312171353,1312171369
subitem,1312171353,1312171390
subitem,1312171353,1312171419
item,1312182849,
subitem,1312182849,1312182870
subitem,1312182849,1312182913
subitem,1312182849,1312182941
item,1312182990,
subitem,1312182990,1312183015
item,1312183053,
subitem,1312183053,1312183073
subitem,1312183053,1312183100
item,1312183139,
subitem,1312183139,1312183152
subitem,1312183139,1312183176
subitem,1312183139,1312183212
subitem,1312183139,1312183256
item,1312183286,
subitem,1312183286,1312183305
subitem,1312183286,1312183336
subitem,1312183286,1312183364
item,1312183402,
subitem,1312183402,1312183429
subitem,1312183402,1312183454
subitem,1312183402,1312183480
subitem,1312183402,1312183525
item,1312183598,
subitem,1312183598,1312183645
subitem,1312183598,1312183684
subitem,1312183598,1312183733
subitem,1312183598,1312183771
item,1312183789,
subitem,1312183789,1312183803
subitem,1312183789,1312183837
subitem,1312183789,1312183893
subitem,1312183789,1312183948
subitem,1312183789,1312184292
item,1312184301,
subitem,1312184301,1312184309
subitem,1312184301,1312184358
item,1312184674,
subitem,1312184674,1312184841
subitem,1312184674,1312185193
item,1312185565,
subitem,1312185565,1312185754
subitem,1312185565,1312186117
subitem,1312185565,1312186536
subitem,1312185565,1312186888
item,1312187227,
subitem,1312187227,1312187381
subitem,1312187227,1312187664
subitem,1312187227,1312187994
item,1312188275,
subitem,1312188275,1312188422
item,1312188594,
subitem,1312188594,1312188648
subitem,1312188594,1312188699
subitem,1312188594,1312188734
item,1312188750,
subitem,1312188750,1312188759
subitem,1312188750,1312188772
subitem,1312188750,1312188784
subitem,1312188750,1312188799
subitem,1312188750,1312188810
item,1312188824,
subitem,1312188824,1312188834
subitem,1312188824,1312188855
subitem,1312188824,1312188909
subitem,1312188824,1312189102
item,1312189363,
subitem,1312189363,1312189375
subitem,1312189363,1312189395
subitem,1312189363,1312189412
item,1312189434,
subitem,1312189434,1312189454
subitem,1312189434,1312189483
subitem,1312189434,1312189510
subitem,1312189434,1312189524
subitem,1312189434,1312189572
subitem,1312189434,1312189613
item,1312189644,
subitem,1312189644,1312189664
subitem,1312189644,1312189682
item,1312189700,
subitem,1312189700,1312189713
subitem,1312189700,1312189726
subitem,1312189700,1312189746
subitem,1312189700,1312189776
subitem,1312189700,1312189799
subitem,1312189700,1312189808
item,1312189820,
subitem,1312189820,1312189832
subitem,1312189820,1312189870
subitem,1312189820,1312189915
subitem,1312189820,1312189945
item,1312190060,
subitem,1312190060,1312190118
item,1312197485,
subitem,1312197485,1312197508
item,1312197808,
subitem,1312197808,1312197825
subitem,1312197808,1312197847
subitem,1312197808,1312197864
item,1312197877,
subitem,1312197877,1312197882
subitem,1312197877,1312197899
subitem,1312197877,1312197917
subitem,1312197877,1312197929
item,1312197964,
subitem,1312197964,1312197973
subitem,1312197964,1312197996
item,1312198014,
subitem,1312198014,1312198025
subitem,1312198014,1312198044
item,1312198064,
subitem,1312198064,1312198077
subitem,1312198064,1312198093
item,1312198136,
subitem,1312198136,1312198153
item,1312198171,
subitem,1312198171,1312198174
subitem,1312198171,1312198181
item,1312198186,
item,1312198192,
subitem,1312198192,1312198204
subitem,1312198192,1312198234
item,1312198262,
subitem,1312198262,1312198270
subitem,1312198262,1312198280
item,1312198288,
subitem,1312198288,1312198296
subitem,1312198288,1312198305
item,1312198335,
subitem,1312198335,1312198354
subitem,1312198335,1312198372
subitem,1312198335,1312198414
subitem,1312198335,1312198438
subitem,1312198335,1312198451
item,1312198471,
subitem,1312198471,1312198489
item,1312198509,
subitem,1312198509,1312198523
subitem,1312198509,1312198551
item,1312198584,
subitem,1312198584,1312198598
subitem,1312198584,1312198625
subitem,1312198584,1312198652
subitem,1312198584,1312198701
subitem,1312198584,1312198716
item,1312198741,
subitem,1312198741,1312198746
subitem,1312198741,1312198773
item,1312198789,
subitem,1312198789,1312198797
subitem,1312198789,1312198807
item,1312198827,
subitem,1312198827,1312198839
item,1312198855,
subitem,1312198855,1312198865
subitem,1312198855,1312199308
item,1312204833,
subitem,1312204833,1312204870
item,1312204890,
item,1312204901,
subitem,1312204901,1312204914
subitem,1312204901,1312204936
subitem,1312204901,1312204983
subitem,1312204901,1312205028
item,1312205065,
subitem,1312205065,1312205083
item,1312205119,
subitem,1312205119,1312205141
subitem,1312205119,1312205167
subitem,1312205119,1312205426
item,1312205644,
subitem,1312205644,1312205711
subitem,1312205644,1312205749
subitem,1312205644,1312205777
subitem,1312205644,1312205795
item,1312205804,
subitem,1312205804,1312205825
subitem,1312205804,1312205839
item,1312205881,
subitem,1312205881,1312205896
subitem,1312205881,1312205920
subitem,1312205881,1312205931
item,1312205947,
subitem,1312205947,1312205973
subitem,1312205947,1312206000
item,1312206021,
subitem,1312206021,1312206035
subitem,1312206021,1312206048
subitem,1312206021,1312206062
item,1312206080,
subitem,1312206080,1312206096
subitem,1312206080,1312206126
subitem,1312206080,1312206159
item,1312206194,
item,1312206228,
subitem,1312206228,1312206253
subitem,1312206228,1312206283
subitem,1312206228,1312206297
subitem,1312206228,1312206323
subitem,1312206228,1312206339
subitem,1312206228,1312206400
item,1312206514,
subitem,1312206514,1312206572
subitem,1312206514,1312206637
subitem,1312206514,1312206670
item,1312206693,
subitem,1312206693,1312206955
subitem,1312206693,1312206974
item,1312206999,
subitem,1312206999,1312207011
item,1312207065,
item,1312207099,
item,1312207129,
subitem,1312207129,1312207151
subitem,1312207129,1312207196
item,1312207232,
subitem,1312207232,1312207258
subitem,1312207232,1312207302
subitem,1312207232,1312207327
subitem,1312207232,1312207354
item,1312207372,
subitem,1312207372,1312207394
subitem,1312207372,1312207419
item,1312207451,
subitem,1312207451,1312207466
item,1312207493,
subitem,1312207493,1312207506
item,1312207546,
subitem,1312207546,1312207653
subitem,1312207546,1312207779
subitem,1312207546,1312207893
subitem,1312207546,1312207921
item,1312207940,
subitem,1312207940,1312207969
subitem,1312207940,1312208003
subitem,1312207940,1312208358
item,1312208613,
subitem,1312208613,1312208891
item,1312209180,
subitem,1312209180,1312212400
subitem,1312209180,1312212426
subitem,1312209180,1312212445
subitem,1312209180,1312212462
subitem,1312209180,1312212474
item,1312212486,
subitem,1312212486,1312212490
item,1312212507,
subitem,1312212507,1312212511
subitem,1312212507,1312212530
subitem,1312212507,1312212558
item,1312212575,
subitem,1312212575,1312212590
subitem,1312212575,1312212617
subitem,1312212575,1312212646
subitem,1312212575,1312212671
subitem,1312212575,1312212694
item,1312212708,
subitem,1312212708,